{
  "dataByBrowser": {
    "and_chr": {
      "54": 0.83604
    },
    "and_ff": {
      "50": 0
    },
    "and_uc": {
      "11": 0
    },
    "android": {
      "3": 0,
      "4": 0,
      "53": 0,
      "2.1": 0,
      "2.2": 0,
      "2.3": 0,
      "4.1": 0,
      "4.2-4.3": 0,
      "4.4": 0,
      "4.4.3-4.4.4": 0
    },
    "bb": {
      "7": 0,
      "10": 0
    },
    "chrome": {
      "4": 0,
      "5": 0,
      "6": 0,
      "7": 0,
      "8": 0,
      "9": 0,
      "10": 0,
      "11": 0,
      "12": 0,
      "13": 0,
      "14": 0,
      "15": 0,
      "16": 0,
      "17": 0,
      "18": 0,
      "19": 0,
      "20": 0,
      "21": 0,
      "22": 0,
      "23": 0,
      "24": 0.02322,
      "25": 0,
      "26": 0,
      "27": 0.02322,
      "28": 0,
      "29": 0,
      "30": 0.06967,
      "31": 0.30190,
      "32": 0.85926,
      "33": 0,
      "34": 0.09289,
      "35": 0.27868,
      "36": 1.57919,
      "37": 0,
      "38": 0.04644,
      "39": 0.06967,
      "40": 1.20761,
      "41": 0.04644,
      "42": 0.16256,
      "43": 0.09289,
      "44": 0.13934,
      "45": 0.25545,
      "46": 0.06967,
      "47": 1.34695,
      "48": 0.55736,
      "49": 2.50812,
      "50": 15.86158,
      "51": 17.67301,
      "52": 10.19507,
      "53": 11.89038,
      "54": 11.49558,
      "55": 0.34835,
      "56": 0.11611,
      "57": 0
    },
    "edge": {
      "12": 0.02322,
      "13": 0.48769,
      "14": 0.27868
    },
    "firefox": {
      "2": 0,
      "3": 0,
      "4": 0,
      "5": 0,
      "6": 0.09289,
      "7": 0,
      "8": 0,
      "9": 0,
      "10": 0,
      "11": 0,
      "12": 0,
      "13": 0,
      "14": 0.04644,
      "15": 0,
      "16": 0,
      "17": 0,
      "18": 0,
      "19": 0,
      "20": 0,
      "21": 0.06967,
      "22": 0,
      "23": 0,
      "24": 0,
      "25": 0.32512,
      "26": 0,
      "27": 0,
      "28": 0.02322,
      "29": 0.06967,
      "30": 0,
      "31": 0,
      "32": 0,
      "33": 0,
      "34": 0.06967,
      "35": 0,
      "36": 0.02322,
      "37": 0,
      "38": 0.23223,
      "39": 0.02322,
      "40": 0,
      "41": 0,
      "42": 0.18578,
      "43": 0.23223,
      "44": 0.25545,
      "45": 0.69670,
      "46": 2.57779,
      "47": 3.22805,
      "48": 1.60241,
      "49": 2.06688,
      "50": 0.58058,
      "51": 0.25545,
      "52": 0.02322,
      "53": 0,
      "3.5": 0,
      "3.6": 0
    },
    "ie": {
      "6": 0.06967,
      "7": 0.02322,
      "8": 0.02322,
      "9": 0.11611,
      "10": 0.23223,
      "11": 0.51091
    },
    "ie_mob": {
      "10": 0,
      "11": 0
    },
    "ios_saf": {
      "8": 0.32512,
      "10": 0.27868,
      "3.2": 0,
      "4.0-4.1": 0,
      "4.2-4.3": 0,
      "5.0-5.1": 0.04644,
      "6.0-6.1": 0.04644,
      "7.0-7.1": 0.09289,
      "8.1-8.4": 0,
      "9.0-9.2": 0.02322,
      "9.3": 0.99860
    },
    "op_mini": {
      "all": 0
    },
    "op_mob": {
      "12": 0,
      "37": 0,
      "12.1": 0
    },
    "opera": {
      "15": 0,
      "16": 0,
      "17": 0,
      "18": 0.02322,
      "19": 0.02322,
      "20": 0,
      "21": 0,
      "22": 0,
      "23": 0,
      "24": 0,
      "25": 0,
      "26": 0,
      "27": 0,
      "28": 0,
      "29": 0,
      "30": 0,
      "31": 0,
      "32": 0,
      "33": 0,
      "34": 0,
      "35": 0,
      "36": 0.04644,
      "37": 0.02322,
      "38": 0.25545,
      "39": 0.09289,
      "40": 0,
      "41": 0.04644,
      "42": 0,
      "43": 0,
      "10.0-10.1": 0,
      "11.5": 0,
      "12.1": 0.18578
    },
    "safari": {
      "4": 0,
      "5": 0.02322,
      "6": 0,
      "7": 0.06967,
      "8": 0.06967,
      "9": 0.23223,
      "10": 0.76637,
      "3.1": 0,
      "3.2": 0,
      "5.1": 0.09289,
      "6.1": 0,
      "7.1": 0,
      "9.1": 1.88109,
      "TP": 0
    },
    "samsung": {
      "4": 0
    }
  },
  "id": "71568934|undefined",
  "meta": {
    "end_date": "2016-12-01",
    "start_date": "2016-05-01"
  },
  "name": "ptb2.me",
  "source": "google_analytics",
  "type": "custom",
  "uid": "custom.71568934|undefined"
}
